SAMPLE	MISSING_RATE	AVG_DP	AVG_GQ
Castanea_004	0.0745	10.95	34.68
Castanea_005	0.0586	10.69	34.03
Castanea_011	0.0652	9.71	31.70
Castanea_013	0.0676	10.33	33.42
Castanea_018	0.0404	12.88	39.61
Castanea_019	0.0629	9.79	31.35
Castanea_021	0.0630	10.28	33.16
Castanea_023	0.0792	9.48	30.96
Castanea_027	0.0648	12.61	38.65
Castanea_029	0.1708	70.83	98.83
Castanea_030	0.0496	10.42	30.27
Castanea_031	0.0673	10.65	34.28
Castanea_032	0.0443	11.96	36.74
Castanea_035	0.0477	11.54	36.72
Castanea_036	0.0729	11.59	35.70
Castanea_037	0.0528	11.17	35.77
Castanea_039	0.0541	11.65	36.22
Castanea_053	0.0468	10.72	34.45
Castanea_054	0.0473	11.03	34.95
Castanea_060	0.0495	11.04	35.23
Castanea_066	0.0383	11.89	37.86
Castanea_067	0.0423	12.18	38.54
Castanea_069	0.0677	10.51	33.46
Castanea_070	0.0496	11.36	35.24
Castanea_074	0.0497	10.43	33.46
Castanea_076	0.0739	10.12	32.94
Castanea_078	0.0572	10.54	33.87
Castanea_081	0.0607	10.00	32.11
Castanea_082	0.0809	9.92	29.10
Castanea_084	0.0472	10.81	34.27
Castanea_086	0.0620	10.93	34.91
Castanea_088	0.0460	10.59	34.19
Castanea_090	0.0407	11.63	36.76
Castanea_091	0.0453	10.78	34.50
Castanea_094	0.0582	10.51	33.64
Castanea_095	0.0490	11.32	35.38
Castanea_096	0.0748	10.75	34.04
Castanea_097	0.0576	10.78	34.24
Castanea_098	0.0421	11.97	37.80
Castanea_100	0.0462	11.24	35.83
Castanea_103	0.0615	10.66	33.86
Castanea_106	0.0657	10.16	32.67
Castanea_109	0.0700	9.92	32.48
Castanea_115	0.0577	11.06	35.25
Castanea_118	0.1194	9.90	38.33
Castanea_119	0.0408	11.62	36.75
Castanea_120	0.0623	9.60	31.49
Castanea_121	0.0472	10.05	32.01
Castanea_124	0.0771	9.58	31.65
Castanea_125	0.0487	10.36	32.95
Castanea_127	0.0676	10.08	32.35
Castanea_131	0.0692	10.92	33.93
Castanea_134	0.0720	9.50	30.98
Castanea_142	0.0363	12.05	38.16
Castanea_143	0.0867	9.07	29.45
Castanea_145	0.0666	9.57	31.05
Castanea_146	0.0503	10.26	32.92
Castanea_148	0.0468	12.58	39.20
Castanea_149	0.0528	11.05	34.99
Castanea_155	0.0844	10.13	32.55
Castanea_156	0.0438	11.95	37.67
Castanea_157	0.0543	11.20	34.89
Castanea_158	0.0444	12.76	39.62
Castanea_159	0.0616	10.60	34.44
Castanea_164	0.0859	9.27	30.53
Castanea_165	0.0472	12.95	40.10
Castanea_167	0.0480	11.73	36.63
Castanea_169	0.0774	9.97	32.24
Castanea_170	0.0536	11.43	36.84
Castanea_176	0.0416	11.10	35.04
Castanea_178	0.0640	11.05	35.36
Castanea_179	0.0681	10.55	32.57
Castanea_180	0.0640	10.69	33.77
Castanea_182	0.0425	11.73	36.96
Castanea_184	0.0570	11.26	34.31
Castanea_186	0.0425	11.41	36.42
Castanea_188	0.1324	10.54	39.10
Castanea_190	0.0546	11.62	36.66
Castanea_192	0.0507	10.71	33.61
Castanea_195	0.0863	9.81	32.09
Castanea_202	0.0512	10.86	34.92
Castanea_203	0.0582	11.17	35.32
Castanea_205	0.0569	10.58	33.62
Castanea_206	0.0682	10.79	34.78
Castanea_207	0.0683	9.92	32.15
Castanea_209	0.0995	9.19	30.71
Castanea_210	0.0606	10.53	34.05
Castanea_212	0.0680	10.15	33.12
Castanea_213	0.0517	10.84	34.28
Castanea_214	0.0782	9.79	32.20
Castanea_215	0.0506	10.89	34.94
Castanea_220	0.0739	10.52	33.61
Castanea_222	0.0496	11.91	37.58
Castanea_224	0.0634	10.02	32.33
Castanea_226	0.0578	10.47	33.83
Castanea_228	0.0835	9.91	32.49
Castanea_235	0.0645	10.06	32.31
Castanea_236	0.0565	11.23	35.44
Castanea_237	0.0514	10.80	34.51
Castanea_245	0.0499	10.80	34.35
Castanea_246	0.0614	10.66	34.33
Castanea_250	0.0718	10.37	33.20
Castanea_253	0.0339	11.78	37.16
Castanea_258	0.0484	10.76	34.81
Castanea_260	0.0413	12.08	37.92
Castanea_263	0.0315	11.84	37.40
Castanea_265	0.0321	12.05	38.11
Castanea_267	0.0535	11.34	33.81
Castanea_272	0.0379	12.19	37.58
Castanea_274	0.0333	12.14	38.25
Castanea_280	0.0336	11.52	36.61
Castanea_285	0.0316	11.68	37.06
Castanea_294	0.0351	11.58	36.57
Castanea_296	0.0688	10.15	32.31
Castanea_301	0.0468	11.78	37.93
Castanea_304	0.0365	12.36	36.60
Castanea_306	0.0524	12.08	38.03
Castanea_310	0.0465	11.88	37.08
Castanea_313	0.0405	11.95	37.85
Castanea_315	0.0552	10.89	34.88
Castanea_316	0.0338	12.01	38.01
Castanea_317	0.0471	10.48	33.51
Castanea_318	0.0316	12.56	39.11
Castanea_323	0.0289	11.70	36.95
Castanea_324	0.0445	11.43	33.00
Castanea_326	0.0300	11.67	36.47
Castanea_327	0.0341	11.71	37.64
Castanea_331	0.0347	12.68	37.28
Castanea_335	0.0377	11.38	35.63
Castanea_337	0.0383	11.36	36.44
Castanea_338	0.0431	11.22	32.90
Castanea_348	0.0447	11.34	36.51
Castanea_349	0.0310	11.84	37.64
Castanea_350	0.0295	12.25	38.42
Castanea_352	0.0730	9.53	30.64
Castanea_355	0.0587	9.98	32.26
Castanea_357	0.0576	10.09	32.37
Castanea_358	0.0640	9.92	31.97
Castanea_362	0.0366	12.10	38.51
Castanea_365	0.0327	11.81	36.91
Castanea_368	0.0486	12.05	37.83
Castanea_370	0.0460	10.85	34.93
Castanea_373	0.0357	11.88	37.68
Castanea_376	0.0464	11.05	35.44
Castanea_379	0.0320	12.50	39.15
Castanea_381	0.0321	11.78	36.78
Castanea_384	0.0334	11.57	36.12
Castanea_386	0.0731	9.97	32.70
Castanea_387	0.0459	11.19	35.80
Castanea_389	0.0397	11.38	36.40
Castanea_391	0.0616	9.93	32.33
Castanea_392	0.0485	10.62	34.55
Castanea_394	0.1006	10.77	40.25
Castanea_396	0.0320	11.75	36.78
Castanea_398	0.0594	11.12	35.54
Castanea_399	0.0354	11.29	36.05
Castanea_402	0.0360	12.19	39.03
Castanea_403	0.0409	11.19	35.30
Castanea_406	0.0426	11.67	36.00
Castanea_407	0.0399	11.74	37.14
Castanea_411	0.0407	11.67	37.07
Castanea_414	0.0510	11.05	34.94
Castanea_415	0.0410	12.02	37.24
Castanea_421	0.0341	12.14	38.31
Castanea_424	0.0247	53.02	98.29
Castanea_427	0.0371	12.28	37.85
Castanea_429	0.0329	12.43	38.77
Castanea_432	0.0237	13.65	41.72
Castanea_435	0.0374	11.65	37.38
Castanea_439	0.0346	12.70	39.92
Castanea_440	0.0677	11.46	36.19
Castanea_441	0.0379	11.93	37.65
Castanea_442	0.0354	11.81	37.15
Castanea_443	0.0355	11.84	37.53
Castanea_444	0.0490	12.28	38.60
Castanea_448	0.0302	13.03	40.40
Castanea_449	0.0546	10.32	32.69
Castanea_450	0.0331	12.13	37.59
Castanea_452	0.0403	12.50	39.04
Castanea_453	0.0351	12.80	39.39
Castanea_456	0.0581	11.83	37.27
Castanea_457	0.0315	12.99	40.37
Castanea_459	0.0478	11.37	36.23
Castanea_462	0.0422	12.02	36.85
Castanea_463	0.0436	11.66	37.09
Castanea_465	0.0464	11.27	35.69
Castanea_466	0.0313	12.23	38.32
Castanea_467	0.0366	11.47	36.42
Castanea_469	0.0345	11.53	36.69
Castanea_471	0.0827	11.47	42.14
Castanea_472	0.0093	22.09	62.33
Castanea_473	0.0051	26.12	71.70
Castanea_474	0.0469	13.76	47.44
Castanea_475	0.0162	17.05	49.52
Castanea_478	0.0153	17.66	52.20
Castanea_479	0.0157	15.80	47.50
Castanea_480	0.0155	18.85	54.59
Castanea_482	0.0162	16.56	49.77
Castanea_485	0.0149	15.40	46.17
Castanea_486	0.0118	19.10	55.39
Castanea_487	0.0216	18.28	54.36
Castanea_488	0.0145	19.26	55.76
Castanea_493	0.0154	18.32	53.57
Castanea_496	0.0194	16.31	49.00
Castanea_498	0.0140	18.67	54.80
Castanea_499	0.0169	16.75	49.92
Castanea_500	0.0197	16.39	48.99
Castanea_503	0.0160	16.40	49.09
Castanea_504	0.0128	17.48	51.60
Castanea_510	0.0228	15.16	46.30
Castanea_511	0.0120	18.44	54.10
Castanea_514	0.0192	16.47	49.42
Castanea_515	0.0282	14.53	43.60
Castanea_517	0.0187	15.51	47.18
Castanea_518	0.0284	14.37	44.01
Castanea_519	0.0161	18.57	53.80
Castanea_520	0.0327	17.08	50.07
Castanea_521	0.0510	12.64	38.29
Castanea_523	0.0128	18.54	54.49
Castanea_524	0.0213	16.76	49.39
Castanea_528	0.0140	17.06	50.55
Castanea_530	0.0222	14.76	44.69
Castanea_531	0.0672	14.16	42.99
Castanea_532	0.0689	14.23	43.00
Castanea_534	0.0774	12.75	36.86
Castanea_535	0.0306	13.96	42.58
Castanea_538	0.0416	14.00	42.44
Castanea_539	0.0575	13.83	42.21
Castanea_540	0.0237	15.61	47.37
Castanea_541	0.0147	16.33	49.07
Castanea_542	0.0326	12.41	39.05
Castanea_545	0.0566	11.06	34.81
Castanea_548	0.0790	10.38	33.28
Castanea_550	0.0295	12.87	39.73
Castanea_560	0.0419	12.52	35.95
Castanea_561	0.0126	20.48	57.85
Castanea_564	0.0220	15.29	46.35
Castanea_567	0.0251	15.83	47.60
Castanea_569	0.0636	11.30	35.74
Castanea_570	0.0156	16.07	48.31
Castanea_571	0.0274	14.25	43.88
Castanea_572	0.0209	15.09	45.67
Castanea_576	0.0178	16.53	48.91
Castanea_582	0.0196	14.52	44.48
Castanea_585	0.0275	15.43	46.70
Castanea_586	0.0172	15.91	47.75
Castanea_588	0.0447	13.26	41.05
Castanea_589	0.0279	12.74	39.46
Castanea_590	0.0819	12.54	38.87
Castanea_592	0.0189	16.10	47.93
Castanea_593	0.0444	13.32	39.10
Castanea_598	0.0321	16.97	50.08
Castanea_599	0.0516	15.34	45.62
Castanea_600	0.0828	14.09	43.27
Castanea_601	0.0915	12.99	39.74
Castanea_604	0.0577	13.24	40.51
Castanea_607	0.0462	12.12	37.41
Castanea_608	0.0257	14.81	45.11
Castanea_609	0.0413	16.65	49.58
Castanea_610	0.0582	11.70	35.48
Castanea_611	0.0335	14.47	43.64
Castanea_612	0.0432	13.55	41.08
Castanea_613	0.0353	11.90	37.30
Castanea_614	0.0244	13.50	41.92
Castanea_615	0.0208	17.67	51.25
Castanea_616	0.0222	13.96	43.14
Castanea_617	0.0164	16.21	48.24
Castanea_618	0.0361	12.10	37.54
Castanea_621	0.0339	12.14	37.65
Castanea_622	0.0540	11.02	33.96
Castanea_623	0.0416	11.48	36.29
Castanea_624	0.0801	10.52	33.10
Castanea_625	0.0285	12.12	34.79
Castanea_626	0.0313	13.62	42.41
Castanea_627	0.0257	14.47	44.25
Castanea_628	0.0301	12.28	38.63
Castanea_629	0.0274	14.19	43.72
Castanea_630	0.0249	14.04	43.38
Castanea_632	0.4861	6.33	21.22
Castanea_633	0.0789	10.58	34.14
Castanea_634	0.6077	5.77	19.81
